sum_sq,df,F,PR(>F)
977.528706763984,8.0,152.036683201402,1.6905522619726955e-239
6548.505050720132,8148.0,,
