,sum_sq,df,F,PR(>F)
voltage,157.66337397875486,8.0,782.0969401757909,0.0
Residual,203.0269105549284,8057.0,,
