,sum_sq,df,F,PR(>F)
voltage,0.5192140393846513,8.0,6.92128216846749,4.0527354740095335e-09
Residual,71.24742524617514,7598.0,,
