Iteration - 0,Iteration - 1,Iteration - 2,Iteration - 3,Iteration - 4
-0.21281505416981558,-0.06439244131646775,0.08562591763446578,0.07383083611434649,0.07593892505110275
3.7727633336240185,1.9170096148678741,1.082946740282918,0.9647785109056531,0.9610204947651588
324.0,353.0,157.0,8.0,1.0
