Iteration - 0,Iteration - 1,Iteration - 2,Iteration - 3,Iteration - 4,Iteration - 5,Iteration - 6
0.2225284506110743,-0.015236120791773023,0.032478250774741674,0.03859681228091425,0.004026113512708367,0.004998000895654252,0.0060531411569315985
1.666541573859614,0.48680970939473567,0.22793588096850015,0.18987727596218326,0.12357939682339011,0.10982573119437924,0.10043753250990847
386.0,107.0,122.0,440.0,122.0,152.0,64.0
