group1,group2,Diff,Lower,Upper,q-value,p-value,H0
0.5v,6v,0.01831129196337701,-0.008445705850044921,0.04506828977679894,3.0027575308006784,0.459844638217055,Accepted
0.5v,9v,0.01512096774193527,-0.011594162533879807,0.041836098017750345,2.4834816262667316,0.6850479383718692,Accepted
0.5v,12v,0.0023403543965227905,-0.02435181491503168,0.029032523708077258,0.3847126055834243,0.9,Accepted
0.5v,15v,0.012048192771084116,-0.01464855186585174,0.03874493740801997,1.9801690171125108,0.9,Accepted
6v,9v,0.0031903242214417413,-0.018974522844343873,0.025355171287227356,0.631551458984317,0.9,Accepted
6v,12v,0.01597093756685422,-0.006166229423358961,0.0381081045570674,3.1655343573244252,0.3826333963010845,Accepted
9v,12v,0.01278061334541248,-0.009305930431713207,0.03486715712253817,2.53899939006594,0.6612326889893446,Accepted
12v,15v,0.014388547167606906,-0.007675754420589386,0.036452848755803194,2.8613133454503314,0.522980241264126,Accepted
18v,21v,0.007674603174601488,-0.014351049268017387,0.029700255617220363,1.5288532745207444,0.9,Accepted
